<?xml version="1.0" encoding="UTF-8" standalone="yes"?>
<addon id="resource.fonts.copacetic" name="Copacetic Extra Fonts" version="1.0.2" provider-name="realcopacetic">
    <requires>
        <import addon="kodi.resource" version="1.0.0" />
    </requires>

    <extension point="kodi.resource.font"/>
    
    <extension point="xbmc.addon.metadata">
        <platform>all</platform>
        <license>OFL-1.1</license>
        <assets>
            <icon>resources/icon.png</icon>
            <fanart>resources/fanart.jpg</fanart>
        </assets>
        <summary lang="en_GB">Combined Inter and Noto Sans CJK fonts</summary>
        <description lang="en_GB">Additional charactersets for use with the skin Copacetic including CJK.</description>
    </extension>
</addon>
