{
    "favourites.xml": {
        "name": "Favourites",
        "setting": "savefavs",
        "path": "user_path"
    },
    "advancedsettings.xml": {
        "name": "Advanced Settings",
        "setting": "saveadvanced",
        "path": "user_path"
    },
    "sources.xml": {
        "name": "Sources",
        "setting": "savesources",
        "path": "user_path"
    },
    "guisettings.xml": {
        "name": "Gui Settings",
        "setting": "savegui",
        "path": "user_path"
    },
    "plugin.video.seren": {
        "name": "Seren",
        "setting": "savedata",
        "path": "data_path"
    },
    "plugin.video.fen": {
        "name": "Fen",
        "setting": "savedata",
        "path": "data_path"
    },
    "plugin.video.fenlight": {
        "name": "Fen Light",
        "setting": "savedata",
        "path": "data_path"
    },
    "plugin.video.umbrella": {
        "name": "Umbrella",
        "setting": "savedata",
        "path": "data_path"
    },
    "plugin.video.shadow": {
        "name": "Shadow",
        "setting": "savedata",
        "path": "data_path"
    },
    "plugin.video.ghost": {
        "name": "Ghost",
        "setting": "savedata",
        "path": "data_path"
    },
    "plugin.video.premiumizerx": {
        "name": "PremiumizerX",
        "setting": "savedata",
        "path": "data_path"
    },
    "plugin.video.realizerx": {
        "name": "RealizerX",
        "setting": "savedata",
        "path": "data_path"
    },
    "script.module.resolveurl": {
        "name": "ResolveURL",
        "setting": "savedata",
        "path": "data_path"
    },


    "script.trakt": {
        "name": "Trakt",
        "setting": "savedata",
        "path": "data_path"
    },
    "plugin.video.themoviedb.helper": {
        "name": "TMDB Helper",
        "setting": "savedata",
        "path": "data_path"
    },


    "plugin.video.imdb.trailers": {
        "name": "IMDb Trailers",
        "setting": "savedata",
        "path": "data_path"
    },
    "plugin.video.youtube": {
        "name": "YouTube",
        "setting": "saveyoutube",
        "path": "data_path"
    },


    "plugin.video.daddylive": {
        "name": "daddylive",
        "setting": "savedata",
        "path": "data_path"
    },
    "plugin.video.fidoK19": {
        "name": "fidoK19",
        "setting": "savedata",
        "path": "data_path"
    },


    "plugin.video.looptv": {
        "name": "looptv",
        "setting": "savedata",
        "path": "data_path"
    },
    "plugin.video.madtitansports": {
        "name": "madtitansports",
        "setting": "saveyoutube",
        "path": "data_path"
    },


    "plugin.video.scrubsv2": {
        "name": "scrubsv2",
        "setting": "savedata",
        "path": "data_path"
    },
    "plugin.video.the-loop": {
        "name": "the-loop",
        "setting": "savedata",
        "path": "data_path"
    },


    "plugin.video.themoviedb.helper": {
        "name": "themoviedb.helper",
        "setting": "savedata",
        "path": "data_path"
    },
    "plugin.video.xmasfidoK19": {
        "name": "xmasfidoK19",
        "setting": "saveyoutube",
        "path": "data_path"
    }
}