<?xml version="1.0" encoding="UTF-8" standalone="yes"?>
<addon id="repository.ezra" name="Ezra Repository" version="0.0.2" provider-name="Ezra-Hubbard">
    <extension point="xbmc.addon.repository" name="Ezra Repository">
        <dir>
            <info compressed="false">https://raw.githubusercontent.com/Ezra-Hubbard/Ezra-Hubbard.github.io/master/repo/zips/addons.xml</info>
            <checksum>https://raw.githubusercontent.com/Ezra-Hubbard/Ezra-Hubbard.github.io/master/repo/zips/addons.xml.md5</checksum>
            <datadir zip="true">https://raw.githubusercontent.com/Ezra-Hubbard/Ezra-Hubbard.github.io/master/repo/zips/</datadir>
        </dir>
    </extension>
    <extension point="xbmc.addon.metadata">
        <summary>Ezra</summary>
        <description>From the pen of Ezra Hubbard</description>
        <disclaimer></disclaimer>
        <platform>all</platform>
        <assets>
            <icon>icon.png</icon>
            <fanart>fanart.jpg</fanart>
        </assets>
    </extension>
</addon>
