<?xml version="1.0" encoding="UTF-8" standalone="yes"?>
<addon id="easybuild_addon" name="familyeasybuild.github.io" version="3.0.0" provider-name="easybuild">
    <extension point="xbmc.addon.repository" name="Example Repository">
        <dir>
            <info compressed="false">https://raw.githubusercontent.com/easybuild/familyeasybuild.github.io/main/repo/zips/addons.xml</info>
            <checksum>https://raw.githubusercontent.com/easybuild/familyeasybuild.github.io/main/repo/zips/addons.xml.md5</checksum>
            <datadir zip="true">https://raw.githubusercontent.com/easybuild/familyeasybuild.github.io/main/repo/zips/</datadir>
        </dir>
    </extension>
    <extension point="xbmc.addon.metadata">
        <summary>Welcome to the family easybuild addon</summary>
        <description>family Easybuild is a small build for family members ONLY, Please do not install if you do not have promision</description>
        <disclaimer></disclaimer>
        <platform>all</platform>
        <assets>
            <icon>icon.png</icon>
            <fanart>fanart.jpg</fanart>
        </assets>
    </extension>
</addon>