<?xml version="1.0" encoding="UTF-8" standalone="yes"?>
<addon id="repository.easybuild" name="Easybuild Repo" version="1.0.1" provider-name="Familyeasybuild">
    <extension point="xbmc.addon.repository" name="Easybuild Repo">
		<dir>
			<info compressed="false">https://raw.githubusercontent.com/Familyeasybuild/wizard-easybuild/master/repo/_zipfiles/addons.xml</info>
			<checksum>https://raw.githubusercontent.com/Familyeasybuild/wizard-easybuild/master/repo/_zipfiles/addons.xml.md5</checksum>
			<datadir zip="true">https://raw.githubusercontent.com/Familyeasybuild/wizard-easybuild/master/repo/_zipfiles/</datadir>
			<hashes>false</hashes>
		</dir>
        <dir>
           <info compressed="false">https://raw.githubusercontent.com/Gujal00/smrzips/master/addons.xml</info>
           <checksum>https://raw.githubusercontent.com/Gujal00/smrzips/master/addons.xml.md5</checksum>
           <datadir zip="true">https://raw.githubusercontent.com/Gujal00/smrzips/master/zips/</datadir>
        </dir>
    </extension>
    <extension point="xbmc.addon.metadata">
        <summary lang="en_GB">Family Easy Build Repository</summary>
        <description lang="en_GB">Repo from the Family Easy Build.</description>
        <platform>all</platform>
        <assets>
            <icon>icon.png</icon>
			<fanart>fanart.jpg</fanart>
        </assets>
    </extension>
</addon>