<?xml version="1.0" encoding="UTF-8" standalone="yes"?>
<addon id="resource.images.weatherfanart.prairie" name="Weather Fanart - Prairie" version="0.0.5" provider-name="Silverxxx,Team Kodi">
	<extension point="kodi.resource.images" compile="false" type="weather" />
	<requires>
		<import addon="kodi.resource" version="1.0.0"/>
	</requires>
	<extension point="xbmc.addon.metadata">
		<summary lang="en">Little House On The Prairie Weather Fanart</summary>
		<description lang="en">Weather Fanart based on variations of the Little House On The Prairie image.</description>
		<platform>all</platform>
		<forum>http://forum.kodi.tv/showthread.php?tid=51991</forum>
	</extension>
</addon>
