<?xml version="1.0" encoding="UTF-8"?>
<addon id="resource.uisounds.embuary" version="0.0.4" name="Embuary Sounds" provider-name="sualfred">
	<requires>
		<import addon="kodi.resource" version="1.0.0"/>
	</requires>
	<extension point="kodi.resource.uisounds"/>
	<extension point="kodi.addon.metadata">
		<summary lang="en_GB">Embuary Sounds</summary>
		<description lang="en_GB">To simulate the sound theme of EmbyTheater</description>
		<platform>all</platform>
		<source>https://github.com/sualfred/resource.uisounds.embuary</source>
		<license>GNU GENERAL PUBLIC LICENSE Version 2, June 1991</license>
		<assets>
			<icon>resources/icon.png</icon>
			<fanart>resources/fanart.jpg</fanart>
		</assets>
	</extension>
</addon>
