<?xml version="1.0" encoding="UTF-8" standalone="yes"?>
<addon id="plugin.program.easybuild" name="family easybuild" version="1.0.3" provider-name="easybuild">
	<requires>
		<import addon="xbmc.python" version="3.0.0"/>
		<import addon="script.module.requests" optional="true" />
	</requires>
	<extension point="xbmc.python.pluginsource" library="addon.py">
		<provides>executable</provides>
	</extension>
	<extension point="xbmc.service" library="service.py" />
	<extension point="xbmc.addon.metadata">
		<summary lang="en_GB">Welcome to the family easybuild Wizard</summary>
		<description lang="en_GB">family Easybuild is a small build for family members ONLY, Please do not install if you do not have promision</description>
		<disclaimer lang="en_GB">This Addon contains no content</disclaimer>
		<language>en</language>
		<platform>all</platform>
		<license>GPL-2.0-or-later</license>
		<forum></forum>
		<website></website> 
		<email></email>
		<source></source>
		<news></news>
		<assets>
				<icon>icon.png</icon>
				<fanart>fanart.jpg</fanart>
				<screenshot>resources/screenshot-01.jpg</screenshot>
				<screenshot>resources/screenshot-02.jpg</screenshot>
				<screenshot>resources/screenshot-03.jpg</screenshot>
				<banner></banner>
				<clearlogo></clearlogo>
				<screenshot></screenshot>
		</assets>
	</extension>
</addon>