<?xml version="1.0" encoding="UTF-8"?>
<!-- Foundation -->
<window id="2901">
    <include condition="!Player.PauseEnabled">OSDFocusStop</include>
    <include condition="Player.PauseEnabled">OSDFocusPause</include>
    <onunload>ClearProperty(osdshowinfo,home)</onunload>
    <onload>ClearProperty(dontautoclose,home)</onload>
    <onunload>ClearProperty(dontautoclose,home)</onunload>

    <controls>
        <control type="group">
            <animation effect="fade" start="100" end="0" time="250" condition="Window.IsVisible(DialogSlider.xml)">Conditional</animation>
            <include condition="!Skin.HasSetting(osd.usethemeNewOSD) + !Skin.HasSetting(osd.usethemeNewOSDSide)">OSD1</include>
            <include condition="Skin.HasSetting(osd.usethemeNewOSD)">OSD2</include>
            <include condition="Skin.HasSetting(osd.usethemeNewOSDSide)">OSD3</include>
        </control>
        <!-- SIDE OSD -->
        
        <include content="DialogInfoOverlay">
            <param name="headerinfo" value="$INFO[VideoPlayer.Title]" />
            <param name="plotinfo" value="$INFO[VideoPlayer.Tagline,[B],[/B][CR][CR]]$INFO[VideoPlayer.Plot]" />
            <param name="ondirection" value="18" />
        </include>
    </controls>
</window>
