<?xml version="1.0" encoding="UTF-8"?>
<addon id="resource.uisounds.ellipsisui" version="1.0.1" name="EllipsisUI Sounds" provider-name="TeamUI">
  <requires>
    <import addon="kodi.resource" version="1.0.0"/>
  </requires>
  <extension point="kodi.resource.uisounds"/>
  <extension point="kodi.addon.metadata">
    <summary lang="en">EllipsisUI GUI Sounds Addon</summary>
    <description lang="en">Experience the GUI sound effects of EllipsisUI</description>
    <platform>all</platform>
	<assets>
		<icon>icon.png</icon>
		<fanart>fanart.jpg</fanart>
	</assets>
  </extension>
</addon>
